cinema,date,time,title,href,poster
Herziliya Cinemateque,19/08/2024,11:00,Despicable Me 4,https://www.hcinema.org.il/event/%d7%92%d7%a0%d7%95%d7%91-%d7%a2%d7%9c-%d7%94%d7%97%d7%99%d7%99%d7%9d-despicable-me-4-%d7%93%d7%99%d7%91%d7%95%d7%91-%d7%a2%d7%99%d7%91%d7%a8%d7%99-%d7%94%d7%a7%d7%a8%d7%a0%d7%94-%d7%9e%d7%a1/2024-08-19/,https://m.media-amazon.com/images/M/MV5BOTk4MjFhZTMtOWIxOS00YzE2LThkZGEtMzg0MDAyMmFiZmU1XkEyXkFqcGdeQXVyMTY3ODkyNDkz._V1_SX300.jpg
Herziliya Cinemateque,19/08/2024,14:00,Harold and the Purple Crayon,https://www.hcinema.org.il/event/%d7%a2%d7%99%d7%a4%d7%a8%d7%95%d7%9f-%d7%94%d7%a7%d7%a1%d7%9d-harold-and-the-purple-crayon-%d7%93%d7%99%d7%91%d7%95%d7%91-%d7%a2%d7%99%d7%91%d7%a8%d7%99-%d7%94%d7%a7%d7%a8%d7%a0%d7%94-%d7%9e/2024-08-19/,https://m.media-amazon.com/images/M/MV5BZGE3MmYxOTgtMGY1Ni00ZWQ4LTlhNjAtMzcxYjIzMjcwN2U1XkEyXkFqcGc@._V1_SX300.jpg
Herziliya Cinemateque,19/08/2024,17:00,IF: Imaginary Friends,https://www.hcinema.org.il/event/%d7%97%d7%91%d7%a8%d7%99%d7%9d-%d7%93%d7%9e%d7%99%d7%95%d7%a0%d7%99%d7%99%d7%9d-if-imaginary-friends-%d7%93%d7%99%d7%91%d7%95%d7%91-%d7%a2%d7%99%d7%91%d7%a8%d7%99-%d7%94%d7%a7%d7%a8%d7%a0%d7%94/2024-08-19/,
Herziliya Cinemateque,19/08/2024,17:30,10 Lives,https://www.hcinema.org.il/event/%d7%94%d7%97%d7%aa%d7%95%d7%9c-%d7%91%d7%a2%d7%9c-10-%d7%94%d7%a0%d7%a9%d7%9e%d7%95%d7%aa-10-lives-%d7%93%d7%99%d7%91%d7%95%d7%91-%d7%a2%d7%91%d7%a8%d7%99-%d7%94%d7%a7%d7%a8%d7%a0%d7%94-%d7%9e/2024-08-19/,https://m.media-amazon.com/images/M/MV5BZDc3NDQzNzktOTk0OC00MWY1LWFjNGQtZDg0M2ZkNTc0YmM2XkEyXkFqcGdeQXVyMjEyMzc1Njg@._V1_SX300.jpg
Herziliya Cinemateque,19/08/2024,18:00,Inside Out 2,https://www.hcinema.org.il/event/%d7%94%d7%a7%d7%95%d7%9c-%d7%91%d7%a8%d7%90%d7%a9-2-inside-out-2-%d7%90%d7%a0%d7%92%d7%9c%d7%99%d7%aa-%d7%94%d7%a7%d7%a8%d7%a0%d7%94-%d7%9e%d7%a1%d7%97%d7%a8%d7%99%d7%aa/2024-08-19/,https://m.media-amazon.com/images/M/MV5BYTc1MDQ3NjAtOWEzMi00YzE1LWI2OWUtNjQ0OWJkMzI3MDhmXkEyXkFqcGdeQXVyMDM2NDM2MQ@@._V1_SX300.jpg
Herziliya Cinemateque,19/08/2024,20:15,Thelma,https://www.hcinema.org.il/event/%d7%aa%d7%9c%d7%9e%d7%94-thelma-%d7%94%d7%a7%d7%a8%d7%a0%d7%94-%d7%9e%d7%a1%d7%97%d7%a8%d7%99%d7%aa/2024-08-19/,https://m.media-amazon.com/images/M/MV5BMjIxNDgzMDE2MF5BMl5BanBnXkFtZTcwNzY5NTk1NA@@._V1_SX300.jpg
Herziliya Cinemateque,19/08/2024,20:30,Anyone but You,https://www.hcinema.org.il/event/%d7%a8%d7%a7-%d7%9c%d7%90-%d7%90%d7%aa%d7%94-anyone-but-you-%d7%a1%d7%a8%d7%98-%d7%aa%d7%95%d7%9b%d7%a0%d7%99%d7%99%d7%94/2024-08-19/,https://m.media-amazon.com/images/M/MV5BOTVhZGU2OWQtNDM1Ni00MzM3LTgzYjgtOTEwYzQzOWZjNTIyXkEyXkFqcGdeQXVyMTcwOTQzOTYy._V1_SX300.jpg
Herziliya Cinemateque,20/08/2024,11:00,Ajooma,https://www.hcinema.org.il/event/%d7%90%d7%92%d7%95%d7%9e%d7%94-ajooma-%d7%94%d7%a7%d7%a8%d7%a0%d7%94-%d7%9e%d7%a1%d7%97%d7%a8%d7%99%d7%aa-%d7%a9%d7%9c%d7%99%d7%a9%d7%99-%d7%96%d7%94%d7%91/2024-08-20/1/,
Herziliya Cinemateque,20/08/2024,11:30,Harold and the Purple Crayon,https://www.hcinema.org.il/event/%d7%a2%d7%99%d7%a4%d7%a8%d7%95%d7%9f-%d7%94%d7%a7%d7%a1%d7%9d-harold-and-the-purple-crayon-%d7%93%d7%99%d7%91%d7%95%d7%91-%d7%a2%d7%99%d7%91%d7%a8%d7%99-%d7%94%d7%a7%d7%a8%d7%a0%d7%94-%d7%9e-2/2024-08-20/,https://m.media-amazon.com/images/M/MV5BZGE3MmYxOTgtMGY1Ni00ZWQ4LTlhNjAtMzcxYjIzMjcwN2U1XkEyXkFqcGc@._V1_SX300.jpg
Herziliya Cinemateque,20/08/2024,12:00,Thelma,https://www.hcinema.org.il/event/%d7%aa%d7%9c%d7%9e%d7%94-thelma-%d7%94%d7%a7%d7%a8%d7%a0%d7%94-%d7%9e%d7%a1%d7%97%d7%a8%d7%99%d7%aa-%d7%a9%d7%9c%d7%99%d7%a9%d7%99-%d7%96%d7%94%d7%91/2024-08-20/1/,https://m.media-amazon.com/images/M/MV5BMjIxNDgzMDE2MF5BMl5BanBnXkFtZTcwNzY5NTk1NA@@._V1_SX300.jpg
Herziliya Cinemateque,20/08/2024,14:00,A World Apart,https://www.hcinema.org.il/event/%d7%a2%d7%95%d7%9c%d7%9d-%d7%9e%d7%a4%d7%a8%d7%99%d7%93-%d7%91%d7%99%d7%a0%d7%99%d7%a0%d7%95-a-world-apart-%d7%94%d7%a7%d7%a8%d7%a0%d7%94-%d7%9e%d7%a1%d7%97%d7%a8%d7%99%d7%aa-%d7%a9%d7%9c%d7%99/2024-08-20/1/,https://m.media-amazon.com/images/M/MV5BZjc3ZWRiOWQtM2U3MS00ZGZjLWEzMGYtMjE2N2U2M2MwYTVlXkEyXkFqcGdeQXVyMTUyNjc3NDQ4._V1_SX300.jpg
Herziliya Cinemateque,20/08/2024,14:30,Last Summer,https://www.hcinema.org.il/event/%d7%94%d7%a7%d7%99%d7%a5-%d7%94%d7%90%d7%97%d7%a8%d7%95%d7%9f-last-summer-%d7%94%d7%a7%d7%a8%d7%a0%d7%94-%d7%9e%d7%a1%d7%97%d7%a8%d7%99%d7%aa-%d7%a9%d7%9c%d7%99%d7%a9%d7%99-%d7%96%d7%94%d7%91/2024-08-20/,https://m.media-amazon.com/images/M/MV5BY2JlY2JlYTYtNmI3NC00YTk3LWEyYTgtNzg0ODJlYzViNjc4XkEyXkFqcGdeQXVyMjUzOTY1NTc@._V1_SX300.jpg
Herziliya Cinemateque,20/08/2024,16:00,The Crime is Mine,https://www.hcinema.org.il/event/%d7%94%d7%a4%d7%a9%d7%a2-%d7%9b%d7%95%d7%9c%d7%95-%d7%a9%d7%9c%d7%99-the-crime-is-mine-%d7%94%d7%a7%d7%a8%d7%a0%d7%94-%d7%9e%d7%a1%d7%97%d7%a8%d7%99%d7%aa-%d7%a9%d7%9c%d7%99%d7%a9%d7%99-%d7%96-2/2024-08-20/,https://m.media-amazon.com/images/M/MV5BNWI5M2NlM2EtMTE3ZC00ZDUwLWIxZDItNWUxYzVjZjg2YjdiXkEyXkFqcGdeQXVyNDU0NjMyNTQ@._V1_SX300.jpg
Herziliya Cinemateque,20/08/2024,16:15,Despicable Me 4,https://www.hcinema.org.il/event/%d7%92%d7%a0%d7%95%d7%91-%d7%a2%d7%9c-%d7%94%d7%97%d7%99%d7%99%d7%9d-despicable-me-4-%d7%93%d7%99%d7%91%d7%95%d7%91-%d7%a2%d7%99%d7%91%d7%a8%d7%99-%d7%94%d7%a7%d7%a8%d7%a0%d7%94-%d7%9e%d7%a1-2/2024-08-20/,https://m.media-amazon.com/images/M/MV5BOTk4MjFhZTMtOWIxOS00YzE2LThkZGEtMzg0MDAyMmFiZmU1XkEyXkFqcGdeQXVyMTY3ODkyNDkz._V1_SX300.jpg
Herziliya Cinemateque,20/08/2024,16:30,Thelma,https://www.hcinema.org.il/event/%d7%aa%d7%9c%d7%9e%d7%94-thelma-%d7%94%d7%a7%d7%a8%d7%a0%d7%94-%d7%9e%d7%a1%d7%97%d7%a8%d7%99%d7%aa-%d7%a9%d7%9c%d7%99%d7%a9%d7%99-%d7%96%d7%94%d7%91/2024-08-20/2/,https://m.media-amazon.com/images/M/MV5BMjIxNDgzMDE2MF5BMl5BanBnXkFtZTcwNzY5NTk1NA@@._V1_SX300.jpg
Herziliya Cinemateque,20/08/2024,18:00,A World Apart,https://www.hcinema.org.il/event/%d7%a2%d7%95%d7%9c%d7%9d-%d7%9e%d7%a4%d7%a8%d7%99%d7%93-%d7%91%d7%99%d7%a0%d7%99%d7%a0%d7%95-a-world-apart-%d7%94%d7%a7%d7%a8%d7%a0%d7%94-%d7%9e%d7%a1%d7%97%d7%a8%d7%99%d7%aa-%d7%a9%d7%9c%d7%99/2024-08-20/2/,https://m.media-amazon.com/images/M/MV5BZjc3ZWRiOWQtM2U3MS00ZGZjLWEzMGYtMjE2N2U2M2MwYTVlXkEyXkFqcGdeQXVyMTUyNjc3NDQ4._V1_SX300.jpg
Herziliya Cinemateque,20/08/2024,18:30,Ajooma,https://www.hcinema.org.il/event/%d7%90%d7%92%d7%95%d7%9e%d7%94-ajooma-%d7%94%d7%a7%d7%a8%d7%a0%d7%94-%d7%9e%d7%a1%d7%97%d7%a8%d7%99%d7%aa-%d7%a9%d7%9c%d7%99%d7%a9%d7%99-%d7%96%d7%94%d7%91/2024-08-20/2/,
Herziliya Cinemateque,20/08/2024,20:15,A World Apart,https://www.hcinema.org.il/event/%d7%a2%d7%95%d7%9c%d7%9d-%d7%9e%d7%a4%d7%a8%d7%99%d7%93-%d7%91%d7%99%d7%a0%d7%99%d7%a0%d7%95-a-world-apart-%d7%94%d7%a7%d7%a8%d7%a0%d7%94-%d7%9e%d7%a1%d7%97%d7%a8%d7%99%d7%aa-%d7%a9%d7%9c%d7%99/2024-08-20/3/,https://m.media-amazon.com/images/M/MV5BZjc3ZWRiOWQtM2U3MS00ZGZjLWEzMGYtMjE2N2U2M2MwYTVlXkEyXkFqcGdeQXVyMTUyNjc3NDQ4._V1_SX300.jpg
Herziliya Cinemateque,20/08/2024,20:30,Amazing Grace,https://www.hcinema.org.il/event/%d7%97%d7%a1%d7%93-%d7%9e%d7%95%d7%a4%d7%9c%d7%90-amazing-grace-%d7%a1%d7%a8%d7%98-%d7%aa%d7%95%d7%9b%d7%a0%d7%99%d7%99%d7%94-%d7%a9%d7%9c%d7%99%d7%a9%d7%99-%d7%96%d7%94%d7%91/,https://m.media-amazon.com/images/M/MV5BMTI5MTkxMDA4M15BMl5BanBnXkFtZTcwNjA4Mjg0MQ@@._V1_SX300.jpg
Herziliya Cinemateque,20/08/2024,20:45,Inside Out 2,https://www.hcinema.org.il/event/%d7%94%d7%a7%d7%95%d7%9c-%d7%91%d7%a8%d7%90%d7%a9-2-inside-out-2-%d7%90%d7%a0%d7%92%d7%9c%d7%99%d7%aa-%d7%94%d7%a7%d7%a8%d7%a0%d7%94-%d7%9e%d7%a1%d7%97%d7%a8%d7%99%d7%aa-%d7%a9%d7%9c%d7%99/,https://m.media-amazon.com/images/M/MV5BYTc1MDQ3NjAtOWEzMi00YzE1LWI2OWUtNjQ0OWJkMzI3MDhmXkEyXkFqcGdeQXVyMDM2NDM2MQ@@._V1_SX300.jpg
Herziliya Cinemateque,21/08/2024,17:00,10 Lives,https://www.hcinema.org.il/event/%d7%94%d7%97%d7%aa%d7%95%d7%9c-%d7%91%d7%a2%d7%9c-10-%d7%94%d7%a0%d7%a9%d7%9e%d7%95%d7%aa-10-lives-%d7%93%d7%99%d7%91%d7%95%d7%91-%d7%a2%d7%91%d7%a8%d7%99-%d7%94%d7%a7%d7%a8%d7%a0%d7%94-%d7%9e/2024-08-21/,https://m.media-amazon.com/images/M/MV5BZDc3NDQzNzktOTk0OC00MWY1LWFjNGQtZDg0M2ZkNTc0YmM2XkEyXkFqcGdeQXVyMjEyMzc1Njg@._V1_SX300.jpg
Herziliya Cinemateque,21/08/2024,17:30,IF: Imaginary Friends,https://www.hcinema.org.il/event/%d7%97%d7%91%d7%a8%d7%99%d7%9d-%d7%93%d7%9e%d7%99%d7%95%d7%a0%d7%99%d7%99%d7%9d-if-imaginary-friends-%d7%93%d7%99%d7%91%d7%95%d7%91-%d7%a2%d7%99%d7%91%d7%a8%d7%99-%d7%94%d7%a7%d7%a8%d7%a0%d7%94/2024-08-21/,
Herziliya Cinemateque,21/08/2024,18:00,Despicable Me 4,https://www.hcinema.org.il/event/%d7%92%d7%a0%d7%95%d7%91-%d7%a2%d7%9c-%d7%94%d7%97%d7%99%d7%99%d7%9d-despicable-me-4-%d7%90%d7%a0%d7%92%d7%9c%d7%99%d7%aa-%d7%94%d7%a7%d7%a8%d7%a0%d7%94-%d7%9e%d7%a1%d7%97%d7%a8%d7%99%d7%aa/2024-08-21/,https://m.media-amazon.com/images/M/MV5BOTk4MjFhZTMtOWIxOS00YzE2LThkZGEtMzg0MDAyMmFiZmU1XkEyXkFqcGdeQXVyMTY3ODkyNDkz._V1_SX300.jpg
Herziliya Cinemateque,21/08/2024,20:00,Thelma,https://www.hcinema.org.il/event/%d7%aa%d7%9c%d7%9e%d7%94-thelma-%d7%94%d7%a7%d7%a8%d7%a0%d7%94-%d7%9e%d7%a1%d7%97%d7%a8%d7%99%d7%aa/2024-08-21/,https://m.media-amazon.com/images/M/MV5BMjIxNDgzMDE2MF5BMl5BanBnXkFtZTcwNzY5NTk1NA@@._V1_SX300.jpg
Herziliya Cinemateque,21/08/2024,20:30,Interstellar,https://www.hcinema.org.il/event/%d7%91%d7%99%d7%9f-%d7%9b%d7%95%d7%9b%d7%91%d7%99%d7%9d-interstellar-%d7%a1%d7%a8%d7%98-%d7%aa%d7%95%d7%9b%d7%a0%d7%99%d7%99%d7%94/,https://m.media-amazon.com/images/M/MV5BZjdkOTU3MDktN2IxOS00OGEyLWFmMjktY2FiMmZkNWIyODZiXkEyXkFqcGdeQXVyMTMxODk2OTU@._V1_SX300.jpg
Herziliya Cinemateque,22/08/2024,20:30,Monogamy,https://www.hcinema.org.il/event/%d7%9e%d7%95%d7%a0%d7%95%d7%92%d7%9e%d7%99%d7%94-monogamy-%d7%a9%d7%99%d7%97%d7%94-%d7%a2%d7%9d-%d7%90%d7%94%d7%93-%d7%9e%d7%99%d7%9c%d7%a9%d7%98%d7%99%d7%99%d7%9f-%d7%99%d7%95%d7%a6%d7%a8-%d7%94/,https://m.media-amazon.com/images/M/MV5BMTM2NDE2NDM5NF5BMl5BanBnXkFtZTcwODIwMzI0NA@@._V1_SX300.jpg
Herziliya Cinemateque,23/08/2024,21:00,Modern Father’s Diary,https://www.hcinema.org.il/event/%d7%99%d7%95%d7%9e%d7%a0%d7%95-%d7%a9%d7%9c-%d7%90%d7%91-%d7%9e%d7%95%d7%93%d7%a8%d7%a0%d7%99-modern-fathers-diary-%d7%a1%d7%a8%d7%98-%d7%aa%d7%95%d7%9b%d7%a0%d7%99%d7%99%d7%94/,
Herziliya Cinemateque,24/08/2024,17:00,Of Parents and Children,https://www.hcinema.org.il/event/%d7%a2%d7%9c-%d7%94%d7%95%d7%a8%d7%99%d7%9d-%d7%95%d7%99%d7%9c%d7%93%d7%99%d7%9d-of-parents-and-children-%d7%a1%d7%a8%d7%98-%d7%aa%d7%95%d7%9b%d7%a0%d7%99%d7%99%d7%94/,
Herziliya Cinemateque,24/08/2024,20:30,The Ear,https://www.hcinema.org.il/event/%d7%94%d7%90%d7%95%d7%96%d7%9f-the-ear-%d7%a1%d7%a8%d7%98-%d7%aa%d7%95%d7%9b%d7%a0%d7%99%d7%99%d7%94/,https://m.media-amazon.com/images/M/MV5BMzExMWY3N2ItY2M3Yy00ZDY4LWI3MWEtY2VlNGI4M2I2NjgxXkEyXkFqcGdeQXVyMTk0MjQ3Nzk@._V1_SX300.jpg
Herziliya Cinemateque,26/08/2024,16:00,Star Wars: A New Hope,https://www.hcinema.org.il/event/%d7%9e%d7%9c%d7%97%d7%9e%d7%aa-%d7%94%d7%9b%d7%95%d7%9b%d7%91%d7%99%d7%9d-%d7%aa%d7%a7%d7%95%d7%95%d7%94-%d7%97%d7%93%d7%a9%d7%94-star-wars-a-new-hope-%d7%a1%d7%a8%d7%98-%d7%aa%d7%95%d7%9b%d7%a0/,https://m.media-amazon.com/images/M/MV5BOTA5NjhiOTAtZWM0ZC00MWNhLThiMzEtZDFkOTk2OTU1ZDJkXkEyXkFqcGdeQXVyMTA4NDI1NTQx._V1_SX300.jpg
Herziliya Cinemateque,26/08/2024,19:00,Star Wars: The Empire Strikes Back,https://www.hcinema.org.il/event/%d7%9e%d7%9c%d7%97%d7%9e%d7%aa-%d7%94%d7%9b%d7%95%d7%9b%d7%91%d7%99%d7%9d-%d7%94%d7%90%d7%99%d7%9e%d7%a4%d7%a8%d7%99%d7%94-%d7%9e%d7%9b%d7%94-%d7%a9%d7%a0%d7%99%d7%aa-star-wars-the-empire-strikes/,https://m.media-amazon.com/images/M/MV5BYmU1NDRjNDgtMzhiMi00NjZmLTg5NGItZDNiZjU5NTU4OTE0XkEyXkFqcGdeQXVyNzkwMjQ5NzM@._V1_SX300.jpg
Herziliya Cinemateque,26/08/2024,22:00,Star Wars: Return of the Jedi,https://www.hcinema.org.il/event/%d7%9e%d7%9c%d7%97%d7%9e%d7%aa-%d7%94%d7%9b%d7%95%d7%9b%d7%91%d7%99%d7%9d-%d7%a9%d7%95%d7%91%d7%95-%d7%a9%d7%9c-%d7%94%d7%92%d7%93%d7%99%d7%99-star-wars-return-of-the-jedi-%d7%a1%d7%a8%d7%98/,https://m.media-amazon.com/images/M/MV5BOWZlMjFiYzgtMTUzNC00Y2IzLTk1NTMtZmNhMTczNTk0ODk1XkEyXkFqcGdeQXVyNTAyODkwOQ@@._V1_SX300.jpg
Herziliya Cinemateque,27/08/2024,18:00,The Good Soldier Schweik,https://www.hcinema.org.il/event/%d7%94%d7%97%d7%99%d7%99%d7%9c-%d7%94%d7%90%d7%9e%d7%99%d7%a5-%d7%a9%d7%95%d7%95%d7%99%d7%99%d7%a7-the-good-soldier-schweik-%d7%a1%d7%a8%d7%98-%d7%aa%d7%95%d7%9b%d7%a0%d7%99%d7%99%d7%94-%d7%a9/,https://m.media-amazon.com/images/M/MV5BM2U0NjYyYjAtY2NjMy00MzhhLTkxZjAtN2NlZjA1Y2RjMTZjXkEyXkFqcGdeQXVyMzg1ODEwNQ@@._V1_SX300.jpg
Herziliya Cinemateque,27/08/2024,20:30,Bagdad Café,https://www.hcinema.org.il/event/%d7%a7%d7%a4%d7%94-%d7%91%d7%92%d7%93%d7%93-bagdad-cafe-%d7%a1%d7%a8%d7%98-%d7%aa%d7%95%d7%9b%d7%a0%d7%99%d7%99%d7%94-%d7%a9%d7%9c%d7%99%d7%a9%d7%99-%d7%96%d7%94%d7%91/,https://m.media-amazon.com/images/M/MV5BNmUwZGZhZTktNGNmOS00NDA0LWEzYWUtZjE2ODA5OTM2OTc2XkEyXkFqcGdeQXVyMTQ3Njg3MQ@@._V1_SX300.jpg
Herziliya Cinemateque,28/08/2024,20:30,Local Hero,https://www.hcinema.org.il/event/%d7%92%d7%99%d7%91%d7%95%d7%a8-%d7%9e%d7%a7%d7%95%d7%9e%d7%99-local-hero-%d7%a1%d7%a8%d7%98-%d7%aa%d7%95%d7%9b%d7%a0%d7%99%d7%99%d7%94/,https://m.media-amazon.com/images/M/MV5BNjAxOGVjZjktNjc1Ny00NGYyLWEwYWUtNDZhMDJmZmQzMjIzXkEyXkFqcGdeQXVyNjc5NjEzNA@@._V1_SX300.jpg
Herziliya Cinemateque,29/08/2024,20:30,4 Adventures Of Reinette & Mirabelle,https://www.hcinema.org.il/event/4-%d7%94%d7%a8%d7%a4%d7%aa%d7%a7%d7%90%d7%95%d7%aa-%d7%a9%d7%9c-%d7%a8%d7%a0%d7%98-%d7%95%d7%9e%d7%99%d7%a8%d7%91%d7%9c-4-adventures-of-reinette-mirabelle-%d7%a1%d7%a8%d7%98-%d7%aa%d7%95%d7%9b/,
Herziliya Cinemateque,30/08/2024,21:00,We Have Never Been Modern,https://www.hcinema.org.il/event/%d7%90%d7%a3-%d7%a4%d7%a2%d7%9d-%d7%9c%d7%90-%d7%94%d7%99%d7%99%d7%a0%d7%95-%d7%9e%d7%95%d7%93%d7%a8%d7%a0%d7%99%d7%99%d7%9d-we-have-never-been-modern-%d7%a1%d7%a8%d7%98-%d7%aa%d7%95%d7%9b%d7%a0/,https://m.media-amazon.com/images/M/MV5BY2I4OTViMzUtY2IzZS00NmY2LWJkMDktYmNlOGVlZTMzODI3XkEyXkFqcGdeQXVyMTQ4MjY5MjIw._V1_SX300.jpg
Herziliya Cinemateque,31/08/2024,17:00,Highway 65,https://www.hcinema.org.il/event/%d7%98%d7%a8%d7%95%d7%9d-%d7%91%d7%9b%d7%95%d7%a8%d7%94-%d7%99%d7%a9%d7%a8%d7%90%d7%9c%d7%99%d7%aa-%d7%9b%d7%91%d7%99%d7%a9-%d7%94%d7%a1%d7%a8%d7%92%d7%9c-highway-65-%d7%a1%d7%a8%d7%98-%d7%aa/,https://m.media-amazon.com/images/M/MV5BMzAxM2U5ZGQtZTljYi00OWVlLWJmMGUtZDM0NzFhZTg3NTM1XkEyXkFqcGdeQXVyMjMyMzI4MzY@._V1_SX300.jpg
Herziliya Cinemateque,31/08/2024,20:30,I Dutifully Report,https://www.hcinema.org.il/event/%d7%90%d7%a0%d7%99-%d7%9e%d7%93%d7%95%d7%95%d7%97-%d7%91%d7%a6%d7%99%d7%99%d7%aa%d7%a0%d7%95%d7%aa-i-dutifully-report-%d7%a1%d7%a8%d7%98-%d7%aa%d7%95%d7%9b%d7%a0%d7%99%d7%99%d7%94/,https://m.media-amazon.com/images/M/MV5BZjVkODk5ZDQtYTgzMC00ZjM3LWEzNWItY2YwMTMwY2JlYzY2XkEyXkFqcGdeQXVyMjIxMzMyMQ@@._V1_SX300.jpg
Kolnoa Kanada,27/08/2024,19:00,Eternal Sunshine of the Spotless Mind,https://ticks.co.il/e/i8tjd3FzOk1,https://m.media-amazon.com/images/M/MV5BMTY4NzcwODg3Nl5BMl5BanBnXkFtZTcwNTEwOTMyMw@@._V1_SX300.jpg
Kolnoa Kanada,28/08/2024,20:00,Eraserhead,https://ticks.co.il/event.php?i=VuivcEdVuc1,https://m.media-amazon.com/images/M/MV5BMDExYzg5YjQtMzE0Yy00OWJjLThiZTctMWI5MzhjM2RmNjA4L2ltYWdlXkEyXkFqcGdeQXVyNTAyODkwOQ@@._V1_SX300.jpg
Kolnoa Kanada,28/08/2024,22:30,Thelma Louise,https://ticks.co.il/event.php?i=zlOwVUa0qi1,https://m.media-amazon.com/images/M/MV5BMjIxNDgzMDE2MF5BMl5BanBnXkFtZTcwNzY5NTk1NA@@._V1_SX300.jpg
Kolnoa Kanada,29/08/2024,19:00,Wild at Heart,https://ticks.co.il/event.php?i=0Qxm2Ym5ww1,https://m.media-amazon.com/images/M/MV5BODJiNmU0YzgtMGU1MS00M2YzLWI1NDctOGQwYWRiODZkM2YwXkEyXkFqcGdeQXVyNjc5NjEzNA@@._V1_SX300.jpg
Kolnoa Kanada,29/08/2024,22:00,Midnight Cowboy,https://ticks.co.il/e/GfNpitf8Vu1,https://m.media-amazon.com/images/M/MV5BZmFlZDZmMTYtZjczOS00M2M0LWIxYzItYmRjM2IxYTg4NDg2XkEyXkFqcGdeQXVyMjUzOTY1NTc@._V1_SX300.jpg
Kolnoa Kanada,30/08/2024,22:00,Cowboy Bebop,https://ticks.co.il/event.php?i=aU9faPvFAs1,https://m.media-amazon.com/images/M/MV5BZDEzMjlkNDgtZjhkNi00N2RlLWFhZTYtNDE5OTc2NjZkODJlXkEyXkFqcGdeQXVyNjAwNDUxODI@._V1_SX300.jpg
Kolnoa Kanada,31/08/2024,21:30,Drugstore Cowboy,https://ticks.co.il/event.php?i=NXmKL1SQAT1,https://m.media-amazon.com/images/M/MV5BMDljYTNjNWItZjFjNy00OGZhLWFjNjMtZjgyZjYxZGE0NTliXkEyXkFqcGdeQXVyMTQxNzMzNDI@._V1_SX300.jpg
Kolnoa Kanada,12/09/2024,20:00,Apocalypse Now,https://ticks.co.il/event.php?i=867Yp0VWjM1,https://m.media-amazon.com/images/M/MV5BYmQyNTA1ZGItNjZjMi00NzFlLWEzMWEtNWMwN2Q2MjJhYzEyXkEyXkFqcGdeQXVyMjUzOTY1NTc@._V1_SX300.jpg
Kolnoa Kanada,19/09/2024,20:00,Hearts of Darkness: A Filmmaker's Apocalypse,https://ticks.co.il/event.php?i=BKCCYb0OZH1,https://m.media-amazon.com/images/M/MV5BNWQxZTQ4OTItNTdmNS00NGY0LTg5NDAtZjViMjQ2ODg3ZGFhXkEyXkFqcGdeQXVyMTQxNzMzNDI@._V1_SX300.jpg
Yes Planet,22/08/2024,,The Crow
Yes Planet,22/08/2024,,Blink Twice
Yes Planet,22/08/2024,,This Time Next Year
Yes Planet,22/08/2024,,Take a Chance On Me
Yes Planet,22/08/2024,,A world Apart
Yes Planet,22/08/2024,,CASH OUT
Yes Planet,29/08/2024,,Daddio
Yes Planet,29/08/2024,,Strange Darling
Yes Planet,12/09/2024,,Speak no evil
Yes Planet,12/09/2024,,School of magical animals: Part 2
Yes Planet,12/09/2024,,The Wild Robot
Yes Planet,12/09/2024,,USHER: RENDEZVOUS IN PARIS
Yes Planet,03/10/2024,,Joker: Folie A Deux
Yes Planet,17/10/2024,,Smile 2
Yes Planet,24/10/2024,,Transformers One
Yes Planet,24/10/2024,,Venom: The Last Dance
Yes Planet,14/11/2024,,The Vanishing Soldier
Yes Planet,14/11/2024,,Gladiator II
Yes Planet,21/11/2024,,Wicked: Part 1
Yes Planet,28/11/2024,,Moana 2
Yes Planet,12/12/2024,,Arugam Bay
Yes Planet,19/12/2024,,Mufasa: The Lion King
Yes Planet,13/02/2025,,Captain America: Brave New World
Jerusalem Cinemateque,20/08/2024,18:00,Blonde Venus,https://jer-cin.org.il/en/event/77423,https://m.media-amazon.com/images/M/MV5BNDMwYmZmZDYtMjA1NS00YzJkLWI2ODUtZTA2NTgwMGI3Mzc0L2ltYWdlL2ltYWdlXkEyXkFqcGdeQXVyMjUxODE0MDY@._V1_SX300.jpg
Jerusalem Cinemateque,20/08/2024,18:00,Death In Umm Al-Hiran,https://jer-cin.org.il/en/event/77425,https://m.media-amazon.com/images/M/MV5BZjE1NTRiYjctMGVjNC00ODI3LWI0NmEtYjdkZDQ1ZjY4YTgxXkEyXkFqcGdeQXVyMjMyMzI4MzY@._V1_SX300.jpg
Jerusalem Cinemateque,20/08/2024,18:00,Thelma,https://jer-cin.org.il/en/event/77681,https://m.media-amazon.com/images/M/MV5BMjIxNDgzMDE2MF5BMl5BanBnXkFtZTcwNzY5NTk1NA@@._V1_SX300.jpg
Jerusalem Cinemateque,20/08/2024,20:00,Code Unknown,https://jer-cin.org.il/en/event/77429,https://m.media-amazon.com/images/M/MV5BZWM1YzdkNjYtNTI4NS00ZTU1LTgxMzYtNDAzOGU2N2FhZDdlXkEyXkFqcGdeQXVyMjYyNzc4MQ@@._V1_SX300.jpg
Jerusalem Cinemateque,20/08/2024,20:15,Do You Remember Dolly Bell?,https://jer-cin.org.il/en/event/77433,https://m.media-amazon.com/images/M/MV5BY2MyNmM3ZGYtYTM2ZS00ZDJjLWI2Y2MtMGMxNWYyYTcxYzdhXkEyXkFqcGdeQXVyMjc1NDA2OA@@._V1_SX300.jpg
Jerusalem Cinemateque,20/08/2024,20:30,Tatami,https://jer-cin.org.il/en/event/77695,https://m.media-amazon.com/images/M/MV5BODVjY2ViOWYtNjI0ZS00OGI4LTk3ZGMtOGJmMTczM2U5MTY5XkEyXkFqcGdeQXVyNjAwNDUxODI@._V1_SX300.jpg
Jerusalem Cinemateque,21/08/2024,18:00,Angel,https://jer-cin.org.il/en/event/77435,https://m.media-amazon.com/images/M/MV5BMTQzYWYwYjctY2JhZS00NTYzLTllM2UtZWY5ZTk0NmYwYzIyXkEyXkFqcGdeQXVyMzgxODM4NjM@._V1_SX300.jpg
Jerusalem Cinemateque,21/08/2024,18:00,Edward II,https://jer-cin.org.il/en/event/77439,https://m.media-amazon.com/images/M/MV5BMTQxODgzNjU1Ml5BMl5BanBnXkFtZTgwODUwNTkwMzE@._V1_SX300.jpg
Jerusalem Cinemateque,21/08/2024,18:00,Tatami,https://jer-cin.org.il/en/event/77697,https://m.media-amazon.com/images/M/MV5BODVjY2ViOWYtNjI0ZS00OGI4LTk3ZGMtOGJmMTczM2U5MTY5XkEyXkFqcGdeQXVyNjAwNDUxODI@._V1_SX300.jpg
Jerusalem Cinemateque,21/08/2024,20:00,Amarcord,https://jer-cin.org.il/en/event/77441,https://m.media-amazon.com/images/M/MV5BZTUyYTBkZTgtZTg4MC00MjIzLWJjZDgtN2M4YWRkNGY5MDlmXkEyXkFqcGdeQXVyMTUzMDUzNTI3._V1_SX300.jpg
Jerusalem Cinemateque,21/08/2024,20:00,The Promise,https://jer-cin.org.il/en/event/77445,https://m.media-amazon.com/images/M/MV5BYTI5NmI0N2UtOWQyOC00MDg2LWI5YWUtNWEwZTgyM2VlYThmXkEyXkFqcGdeQXVyMTk1MDM0OTc@._V1_SX300.jpg
Jerusalem Cinemateque,21/08/2024,20:30,Thelma,https://jer-cin.org.il/en/event/77683,https://m.media-amazon.com/images/M/MV5BMjIxNDgzMDE2MF5BMl5BanBnXkFtZTcwNzY5NTk1NA@@._V1_SX300.jpg
Jerusalem Cinemateque,22/08/2024,18:00,Destry Rides Again,https://jer-cin.org.il/en/event/77447,https://m.media-amazon.com/images/M/MV5BMGM3YjgwZWEtYjI4My00ZDdmLWExZTctNmFkNTRjYjQzZWI3XkEyXkFqcGdeQXVyNTcwNjUwNzk@._V1_SX300.jpg
Jerusalem Cinemateque,22/08/2024,18:00,Before the Rain,https://jer-cin.org.il/en/event/77449,https://m.media-amazon.com/images/M/MV5BMTE4MWZmNmYtYmM4MS00YzcyLTllZGItNzhlNTk2ZWJlZDYyXkEyXkFqcGdeQXVyNjMwMjk0MTQ@._V1_SX300.jpg
Jerusalem Cinemateque,23/08/2024,16:00,Angel,https://jer-cin.org.il/en/event/77437,https://m.media-amazon.com/images/M/MV5BMTQzYWYwYjctY2JhZS00NTYzLTllM2UtZWY5ZTk0NmYwYzIyXkEyXkFqcGdeQXVyMzgxODM4NjM@._V1_SX300.jpg
Jerusalem Cinemateque,23/08/2024,18:00,Van Gogh & Japan,https://jer-cin.org.il/en/event/77455,
Jerusalem Cinemateque,23/08/2024,20:00,The Great Escaper,https://jer-cin.org.il/en/event/77461,https://m.media-amazon.com/images/M/MV5BM2YxY2U0ZWItN2JiYy00NzY0LTlkNjctNWMxYjI3ZjYyY2ViXkEyXkFqcGdeQXVyMDMxMTgwOQ@@._V1_SX300.jpg
Jerusalem Cinemateque,24/08/2024,11:00,Despicable Me 4,https://jer-cin.org.il/en/event/77518,https://m.media-amazon.com/images/M/MV5BOTk4MjFhZTMtOWIxOS00YzE2LThkZGEtMzg0MDAyMmFiZmU1XkEyXkFqcGdeQXVyMTY3ODkyNDkz._V1_SX300.jpg
Jerusalem Cinemateque,24/08/2024,16:00,Amarcord,https://jer-cin.org.il/en/event/77443,https://m.media-amazon.com/images/M/MV5BZTUyYTBkZTgtZTg4MC00MjIzLWJjZDgtN2M4YWRkNGY5MDlmXkEyXkFqcGdeQXVyMTUzMDUzNTI3._V1_SX300.jpg
Jerusalem Cinemateque,24/08/2024,18:00,Death In Umm Al-Hiran,https://jer-cin.org.il/en/event/77427,https://m.media-amazon.com/images/M/MV5BZjE1NTRiYjctMGVjNC00ODI3LWI0NmEtYjdkZDQ1ZjY4YTgxXkEyXkFqcGdeQXVyMjMyMzI4MzY@._V1_SX300.jpg
Jerusalem Cinemateque,24/08/2024,18:45,Van Gogh & Japan,https://jer-cin.org.il/en/event/77457,
Jerusalem Cinemateque,24/08/2024,20:30,Young Adam,https://jer-cin.org.il/en/event/77465,https://m.media-amazon.com/images/M/MV5BMTMzMjUxMzU5M15BMl5BanBnXkFtZTcwMzc2NTUyMQ@@._V1_SX300.jpg
Jerusalem Cinemateque,24/08/2024,20:45,The Great Escaper,https://jer-cin.org.il/en/event/77463,https://m.media-amazon.com/images/M/MV5BM2YxY2U0ZWItN2JiYy00NzY0LTlkNjctNWMxYjI3ZjYyY2ViXkEyXkFqcGdeQXVyMDMxMTgwOQ@@._V1_SX300.jpg
Jerusalem Cinemateque,25/08/2024,18:00,Touch of Evil,https://jer-cin.org.il/en/event/77467,https://m.media-amazon.com/images/M/MV5BOTA1MjA3M2EtMmJjZS00OWViLTkwMTEtM2E5ZDk0NTAyNGJiXkEyXkFqcGdeQXVyNzkwMjQ5NzM@._V1_SX300.jpg
Jerusalem Cinemateque,25/08/2024,20:30,Woman Is the Future of Man,https://jer-cin.org.il/en/event/77469,https://m.media-amazon.com/images/M/MV5BMjA4NzExMjE1N15BMl5BanBnXkFtZTcwODI0NTE0MQ@@._V1_SX300.jpg
Jerusalem Cinemateque,26/08/2024,16:00,The Ear,https://jer-cin.org.il/en/event/77471,https://m.media-amazon.com/images/M/MV5BMzExMWY3N2ItY2M3Yy00ZDY4LWI3MWEtY2VlNGI4M2I2NjgxXkEyXkFqcGdeQXVyMTk0MjQ3Nzk@._V1_SX300.jpg
Jerusalem Cinemateque,26/08/2024,18:00,Tom at the Farm,https://jer-cin.org.il/en/event/77473,https://m.media-amazon.com/images/M/MV5BMmFiNzQ5MWEtOWU0MS00YjU4LTg2YzAtZDQxMjIwMjAyNzAwXkEyXkFqcGdeQXVyMTA2ODMzMDU@._V1_SX300.jpg
Jerusalem Cinemateque,26/08/2024,18:00,The Last Station,https://jer-cin.org.il/en/event/77475,https://m.media-amazon.com/images/M/MV5BMTA4MTAzNTQzMDNeQTJeQWpwZ15BbWU3MDgzNTg2MDM@._V1_SX300.jpg
Jerusalem Cinemateque,26/08/2024,20:15,Van Gogh & Japan,https://jer-cin.org.il/en/event/77459,
Jerusalem Cinemateque,27/08/2024,18:00,Witness for the Prosecution,https://jer-cin.org.il/en/event/77477,https://m.media-amazon.com/images/M/MV5BNDQwODU5OWYtNDcyNi00MDQ1LThiOGMtZDkwNWJiM2Y3MDg0XkEyXkFqcGdeQXVyMDI2NDg0NQ@@._V1_SX300.jpg
Jerusalem Cinemateque,27/08/2024,18:00,The Good Soldier Schweik,https://jer-cin.org.il/en/event/77481,https://m.media-amazon.com/images/M/MV5BM2U0NjYyYjAtY2NjMy00MzhhLTkxZjAtN2NlZjA1Y2RjMTZjXkEyXkFqcGdeQXVyMzg1ODEwNQ@@._V1_SX300.jpg
Jerusalem Cinemateque,27/08/2024,20:30,Satyricon,https://jer-cin.org.il/en/event/77483,https://m.media-amazon.com/images/M/MV5BYmY1YmNiZjctNDJiMS00MDQxLWE4NzQtODhiYmUwOWZlMGZkXkEyXkFqcGdeQXVyMjUzOTY1NTc@._V1_SX300.jpg
Jerusalem Cinemateque,27/08/2024,20:30,I Dutifully Report,https://jer-cin.org.il/en/event/77487,https://m.media-amazon.com/images/M/MV5BZjVkODk5ZDQtYTgzMC00ZjM3LWEzNWItY2YwMTMwY2JlYzY2XkEyXkFqcGdeQXVyMjIxMzMyMQ@@._V1_SX300.jpg
Jerusalem Cinemateque,28/08/2024,18:00,The Last Righteous Man,https://jer-cin.org.il/en/event/77489,https://m.media-amazon.com/images/M/MV5BN2M1NGQxZGItMjA0My00MDI3LWE4MTktMTAxOGJhNTBmNjJkXkEyXkFqcGdeQXVyMjMyMzI4MzY@._V1_SX300.jpg
Jerusalem Cinemateque,28/08/2024,18:00,Rumba,https://jer-cin.org.il/en/event/77511,https://m.media-amazon.com/images/M/MV5BMTQ5MzkyNTg3OF5BMl5BanBnXkFtZTcwMjE2MDA4Mg@@._V1_SX300.jpg
Jerusalem Cinemateque,28/08/2024,20:00,Dazed and Confused,https://jer-cin.org.il/en/event/77493,https://m.media-amazon.com/images/M/MV5BMTM5MDY5MDQyOV5BMl5BanBnXkFtZTgwMzM3NzMxMDE@._V1_SX300.jpg
Jerusalem Cinemateque,28/08/2024,20:00,Of Parents and Children,https://jer-cin.org.il/en/event/77495,
Jerusalem Cinemateque,29/08/2024,18:00,We Have Never Been Modern,https://jer-cin.org.il/en/event/77497,https://m.media-amazon.com/images/M/MV5BY2I4OTViMzUtY2IzZS00NmY2LWJkMDktYmNlOGVlZTMzODI3XkEyXkFqcGdeQXVyMTQ4MjY5MjIw._V1_SX300.jpg
Jerusalem Cinemateque,29/08/2024,21:00,Treasure,https://jer-cin.org.il/en/event/77499,https://m.media-amazon.com/images/M/MV5BMTY3NTc4OTYxMF5BMl5BanBnXkFtZTcwMjk5NzUyMw@@._V1_SX300.jpg
Jerusalem Cinemateque,30/08/2024,18:00,Code Unknown,https://jer-cin.org.il/en/event/77431,https://m.media-amazon.com/images/M/MV5BZWM1YzdkNjYtNTI4NS00ZTU1LTgxMzYtNDAzOGU2N2FhZDdlXkEyXkFqcGdeQXVyMjYyNzc4MQ@@._V1_SX300.jpg
Jerusalem Cinemateque,30/08/2024,20:30,Treasure,https://jer-cin.org.il/en/event/77501,https://m.media-amazon.com/images/M/MV5BMTY3NTc4OTYxMF5BMl5BanBnXkFtZTcwMjk5NzUyMw@@._V1_SX300.jpg
Jerusalem Cinemateque,31/08/2024,11:00,Astro Kid,https://jer-cin.org.il/en/event/77520,
Jerusalem Cinemateque,31/08/2024,16:00,Satyricon,https://jer-cin.org.il/en/event/77485,https://m.media-amazon.com/images/M/MV5BYmY1YmNiZjctNDJiMS00MDQxLWE4NzQtODhiYmUwOWZlMGZkXkEyXkFqcGdeQXVyMjUzOTY1NTc@._V1_SX300.jpg
Jerusalem Cinemateque,31/08/2024,18:00,Seventeen Years,https://jer-cin.org.il/en/event/77505,https://m.media-amazon.com/images/M/MV5BMTI0NTQ4OTMxOF5BMl5BanBnXkFtZTcwMTAwNTgyMQ@@._V1_SX300.jpg
Jerusalem Cinemateque,31/08/2024,18:45,Witness for the Prosecution,https://jer-cin.org.il/en/event/77479,https://m.media-amazon.com/images/M/MV5BNDQwODU5OWYtNDcyNi00MDQ1LThiOGMtZDkwNWJiM2Y3MDg0XkEyXkFqcGdeQXVyMDI2NDg0NQ@@._V1_SX300.jpg
Jerusalem Cinemateque,31/08/2024,20:30,The Last Righteous Man,https://jer-cin.org.il/en/event/77491,https://m.media-amazon.com/images/M/MV5BN2M1NGQxZGItMjA0My00MDI3LWE4MTktMTAxOGJhNTBmNjJkXkEyXkFqcGdeQXVyMjMyMzI4MzY@._V1_SX300.jpg
Jerusalem Cinemateque,31/08/2024,21:15,Treasure,https://jer-cin.org.il/en/event/77503,https://m.media-amazon.com/images/M/MV5BMTY3NTc4OTYxMF5BMl5BanBnXkFtZTcwMjk5NzUyMw@@._V1_SX300.jpg
Jerusalem Cinemateque,02/09/2024,18:00,"The Captured Image, or Leo Tolstoy and Ilya Gintsburg",https://jer-cin.org.il/en/event/77651,
Jerusalem Cinemateque,03/09/2024,19:00,Harry Potter and the Deathly Hallows: Part 1,https://jer-cin.org.il/en/event/77660,https://m.media-amazon.com/images/M/MV5BMTQ2OTE1Mjk0N15BMl5BanBnXkFtZTcwODE3MDAwNA@@._V1_SX300.jpg
Jerusalem Cinemateque,12/09/2024,19:30,Present Laughter,https://jer-cin.org.il/en/event/75993,https://m.media-amazon.com/images/M/MV5BMTcwN2U0ODEtMzQwMC00MTYxLWJkNmItNjA1OTgwZTJmZjY3XkEyXkFqcGdeQXVyNTY3OTE3Mzg@._V1_SX300.jpg
Jerusalem Cinemateque,14/09/2024,11:00,Present Laughter,https://jer-cin.org.il/en/event/75995,https://m.media-amazon.com/images/M/MV5BMTcwN2U0ODEtMzQwMC00MTYxLWJkNmItNjA1OTgwZTJmZjY3XkEyXkFqcGdeQXVyNTY3OTE3Mzg@._V1_SX300.jpg
Jerusalem Cinemateque,17/09/2024,19:00,Harry Potter and the Deathly Hallows: Part 2,https://jer-cin.org.il/en/event/77661,https://m.media-amazon.com/images/M/MV5BMGVmMWNiMDktYjQ0Mi00MWIxLTk0N2UtN2ZlYTdkN2IzNDNlXkEyXkFqcGdeQXVyODE5NzE3OTE@._V1_SX300.jpg
Haifa Cinemateque,19/08/24,18:30,BEFORE SUNRISE,https://www.haifacin.co.il/Event/13993/,https://m.media-amazon.com/images/M/MV5BZDdiZTAwYzAtMDI3Ni00OTRjLTkzN2UtMGE3MDMyZmU4NTU4XkEyXkFqcGdeQXVyNjU0OTQ0OTY@._V1_SX300.jpg
Haifa Cinemateque,19/08/24,20:30,BEFORE SUNSET,https://www.haifacin.co.il/Event/13994/,https://m.media-amazon.com/images/M/MV5BMTQ1MjAwNTM5Ml5BMl5BanBnXkFtZTYwNDM0MTc3._V1_SX300.jpg
Haifa Cinemateque,20/08/24,19:00,THE CHILDREN OF SAN SIMON,https://www.haifacin.co.il/Event/13951/,https://m.media-amazon.com/images/M/MV5BOTQyMmQyYjAtZjc5NC00YWEyLWJjOTEtMjFkYThkOTg4YTc2XkEyXkFqcGdeQXVyMjMyMzI4MzY@._V1_SX300.jpg
Haifa Cinemateque,21/08/24,18:30,BEFORE MIDNIGHT,https://www.haifacin.co.il/Event/13995/,https://m.media-amazon.com/images/M/MV5BMjA5NzgxODE2NF5BMl5BanBnXkFtZTcwNTI1NTI0OQ@@._V1_SX300.jpg
Haifa Cinemateque,21/08/24,20:30,SHOPLIFTERS,https://www.haifacin.co.il/Event/13996/,https://m.media-amazon.com/images/M/MV5BYWZmOTY0MDAtMGRlMS00YjFlLWFkZTUtYmJhYWNlN2JjMmZkXkEyXkFqcGdeQXVyODAzODU1NDQ@._V1_SX300.jpg
Haifa Cinemateque,22/08/24,18:15,MODERN FATHER'S DIARY,https://www.haifacin.co.il/Event/13997/,
Haifa Cinemateque,22/08/24,20:15,BROKER,https://www.haifacin.co.il/Event/14005/,https://m.media-amazon.com/images/M/MV5BY2UxOTEwOGUtYmFmOS00NTc4LWI0MWMtNGJkZGViY2EwZTgyXkEyXkFqcGdeQXVyNDY5NTQyMDU@._V1_SX300.jpg
Haifa Cinemateque,23/08/24,16:30,BOYHOOD,https://www.haifacin.co.il/Event/14006/,https://m.media-amazon.com/images/M/MV5BMTYzNDc2MDc0N15BMl5BanBnXkFtZTgwOTcwMDQ5MTE@._V1_SX300.jpg
